GroupID,PROG_ID,Note,z,GroupSize,file,srcid,ra,dec,grating,filter,effexptm,nfiles,dataset,msamet,msaid,msacnf,dithn,slitid,root,npix,ndet,wmin,wmax,wmaxsn,sn10,flux10,err10,sn50,flux50,err50,sn90,flux90,err90,xstart,ystart,xsize,ysize,slit_pa,pa_v3,srcypix,profcen,profsig,ctime,version,exptime
114,JADES-GN-1054,UV G140 lines may be systematics,5.6816096,13,jades-gdn2-blue-v3_g140m-f100lp_1181_1054.spec.fits,1054,189.1574206,62.2736069,G140M,F100LP,1021.222,12,jw01181004001_18101_00001_nrs1,jw01181004001_04_msa.fits,515,4,1,593,jades-gdn2-blue-v3,1501,1,0.98,1.88,1.1702,-0.5962473,-0.051535595,0.04848061,1.1813486,0.08676864,0.07309407,3.0071783,0.26405215,0.13779575,877,642,1172,29,0.0,240.87894,0.0,0.0009999999,0.6116126,1727986706.474,0.8.6.dev18+gc61ccae,12254.664
114,JADES-GN-1054,UV G140 lines may be systematics,5.6816096,13,jades-gdn2-v3_g395m-f290lp_1181_1054.spec.fits,1054,189.1574206,62.2736069,G395M,F290LP,1021.222,9,jw01181007001_07101_00001_nrs1,jw01181007001_01_msa.fits,124,1,1,115,jades-gdn2-v3,1362,1,2.8794382,5.199619,3.3448381,-0.9996382,-0.091217086,0.051379167,0.8480718,0.06766653,0.078496866,2.6110735,0.27582753,0.20330553,549,1938,1362,36,0.0,240.84886,0.0,0.0009999999,0.577555,1716597784.321,0.8.5.dev7+g25edcb0,9190.998
114,JADES-GN-1054,UV G140 lines may be systematics,5.6816096,13,jades-gdn2-v3_g235m-f170lp_1181_1054.spec.fits,1054,189.1574206,62.2736069,G235M,F170LP,1021.222,9,jw01181007001_05101_00001_nrs1,jw01181007001_01_msa.fits,123,1,1,115,jades-gdn2-v3,1437,1,1.7003809,3.150057,2.6321714,-0.97101533,-0.07932904,0.059700135,0.7469957,0.060308065,0.07464351,2.616813,0.21441314,0.12420197,467,1952,1440,36,0.0,240.84883,0.0,0.001,0.577555,1716597791.845,0.8.5.dev7+g25edcb0,9190.998
114,JADES-GN-1054,UV G140 lines may be systematics,5.6816096,13,jades-gdn2-v3_g140m-f070lp_1181_1054.spec.fits,1054,189.1574206,62.2736069,G140M,F070LP,1021.222,9,jw01181004001_18101_00001_nrs1,jw01181004001_04_msa.fits,515,4,1,593,jades-gdn2-v3,934,1,0.7004,1.2602,1.1702,-0.8461445,-0.059673272,0.042295396,0.9828034,0.06010536,0.054761045,2.998055,0.189983,0.17553258,454,644,914,31,0.0,240.87894,0.0,0.001,0.577555,1716597802.239,0.8.5.dev7+g25edcb0,9190.998
282,JADES-GN-2000,,5.674257,13,jades-gdn2-v3_g140m-f070lp_1181_2000.spec.fits,2000,189.1759473,62.3115344,G140M,F070LP,1021.222,3,jw01181004001_18101_00001_nrs1,jw01181004001_04_msa.fits,515,4,1,575,jades-gdn2-v3,934,1,0.7004,1.2602,0.9212,-1.1459436,-0.21080647,0.10090881,0.83676565,0.12705912,0.14037101,2.6924329,0.4258279,0.4130975,670,1956,919,32,0.0,240.87894,0.0,0.001,0.9263362,1721482700.328,0.8.6.dev18+gc61ccae,3063.666
282,JADES-GN-2000,,5.674257,13,jades-gdn2-v3_g395m-f290lp_1181_2000.spec.fits,2000,189.1759473,62.3115344,G395M,F290LP,1021.222,6,jw01181004001_22101_00001_nrs1,jw01181004001_04_msa.fits,640,4,1,575,jades-gdn2-v3,1199,1,2.8794382,5.199619,3.3346095,-1.1796806,-0.21604037,0.09883115,0.84781253,0.12656236,0.13232124,2.7172105,0.44774044,0.44342765,1223,1942,826,27,0.0,240.87888,0.0,-0.001,0.9263362,1721482693.237,0.8.6.dev18+gc61ccae,6127.332
282,JADES-GN-2000,,5.674257,13,jades-gdn2-blue-v3_g140m-f100lp_1181_2000.spec.fits,2000,189.1759473,62.3115344,G140M,F100LP,1021.222,6,jw01181004001_18101_00001_nrs1,jw01181004001_04_msa.fits,515,4,1,575,jades-gdn2-blue-v3,1337,1,0.98,1.88,1.2392,-0.76255983,-0.13684858,0.11588606,0.97064155,0.15795442,0.15372556,2.8371809,0.48751387,0.29392517,1095,1955,954,28,0.0,240.87894,0.0,-0.001,1.0451245,1727985711.717,0.8.6.dev18+gc61ccae,6127.332
282,JADES-GN-2000,,5.674257,13,jades-gdn2-v3_g235m-f170lp_1181_2000.spec.fits,2000,189.1759473,62.3115344,G235M,F170LP,1021.222,6,jw01181004001_20101_00001_nrs1,jw01181004001_04_msa.fits,639,4,1,575,jades-gdn2-v3,1273,1,1.7003809,3.150057,2.0183809,-0.9116389,-0.14142081,0.10975689,0.83875847,0.12637356,0.13846079,2.6734734,0.42035967,0.2411017,1139,1955,910,28,0.0,240.87888,0.0,-0.001,0.9263362,1721482687.41,0.8.6.dev18+gc61ccae,6127.332
980,JADES-GN-38420,,6.731631,13,jades-gdn2-v3_g140m-f070lp_1181_38420.spec.fits,38420,189.17514,62.2822634,G140M,F070LP,1021.222,6,jw01181006001_04101_00001_nrs1,jw01181006001_01_msa.fits,1,1,1,61,jades-gdn2-v3,934,1,0.7004,1.2602,0.9404,-1.1249937,-0.12748033,0.05151001,0.8818398,0.063545085,0.067748785,2.81707,0.20368363,0.20022841,695,1466,917,31,0.0,240.9019,0.0,0.001,0.56609595,1716597537.819,0.8.5.dev7+g25edcb0,6127.332
980,JADES-GN-38420,,6.731631,13,jades-gdn2-v3_g395m-f290lp_1181_38420.spec.fits,38420,189.17514,62.2822634,G395M,F290LP,1021.222,12,jw01181006001_08101_00001_nrs1,jw01181006001_01_msa.fits,118,1,1,61,jades-gdn2-v3,1241,1,2.8794382,5.199619,3.8733144,-1.2936763,-0.14307787,0.052802965,0.57213205,0.044297628,0.07017547,2.5770457,0.26417848,0.2408002,1246,1452,803,27,0.0,240.9023,0.0,0.001,0.56609595,1716597544.134,0.8.5.dev7+g25edcb0,12254.664
980,JADES-GN-38420,,6.731631,13,jades-gdn2-v3_g235m-f170lp_1181_38420.spec.fits,38420,189.17514,62.2822634,G235M,F170LP,1021.222,12,jw01181006001_06101_00001_nrs2,jw01181006001_01_msa.fits,117,1,1,61,jades-gdn2-v3,1319,1,1.7003809,3.150057,1.7902286,-0.95945954,-0.080207296,0.056607094,0.871404,0.06714648,0.070517935,2.6586957,0.21961738,0.13593794,1,1466,406,24,0.0,240.90215,0.0,0.001,0.56609595,1716597532.118,0.8.5.dev7+g25edcb0,12254.664
980,JADES-GN-38420,,6.731631,13,jades-gdn2-blue-v3_g140m-f100lp_1181_38420.spec.fits,38420,189.17514,62.2822634,G140M,F100LP,1021.222,12,jw01181006001_18101_00001_nrs2,jw01181006001_04_msa.fits,525,4,1,583,jades-gdn2-blue-v3,1380,1,0.98,1.88,1.2014,-0.819631,-0.10444851,0.07096902,1.0421344,0.10400548,0.0932913,2.794039,0.2799734,0.18624097,1,1425,436,25,0.0,240.90523,0.0,0.0009999999,0.83907765,1727986499.167,0.8.6.dev18+gc61ccae,12254.664
1003,JADES-GN-3991,,10.606804,32,jades-gdn2-v3_g395m-f290lp_1181_3991.spec.fits,3991,189.1060542,62.2420489,G395M,F290LP,1021.222,12,jw01181005001_21101_00001_nrs1,jw01181005001_04_msa.fits,660,4,1,632,jades-gdn2-v3,1362,1,2.8794382,5.199619,4.4887333,0.020831654,0.0023570228,0.03635309,2.216941,0.12540714,0.051099993,4.3914204,0.29793674,0.16265143,506,193,1354,32,0.0,240.85168,0.0,0.0009999999,0.2996919,1716602394.236,0.8.5.dev7+g25edcb0,12254.664
1003,1211-1268,,10.606804,32,goodsn-wide0-v3_g235h-f170lp_1211_1268.spec.fits,1268,189.1060542475214,62.24204893653358,G235H,F170LP,802.389,4,jw01211020001_04101_00001_nrs1,jw01211020001_01_msa.fits,200,1,1,196,goodsn-wide0-v3,3554,1,1.6999772,3.1018171,2.4708571,-0.65148896,-0.41526446,0.33807424,0.62693876,0.3381883,0.551508,2.0261974,1.1614476,1.0319192,388,1200,1661,39,0.0,180.33,0.0,0.001,0.33268237,1716577748.24,0.8.5.dev7+g25edcb0,3209.556
1003,1211-1268,,10.606804,32,goodsn-wide0-v3_g395h-f290lp_1211_1268.spec.fits,1268,189.1060542475214,62.24204893653358,G395H,F290LP,875.333,4,jw01211020001_07101_00001_nrs1,jw01211020001_01_msa.fits,202,1,1,196,goodsn-wide0-v3,3487,1,2.8801086,5.1996913,3.2911258,-1.4116036,-1.5997862,0.35366574,0.063022904,0.05062342,0.7858259,1.6667761,1.17038,2.0651045,480,1202,1569,34,0.0,180.33029,0.0,0.0009999943,0.33268237,1716577741.458,0.8.5.dev7+g25edcb0,3501.332
1003,JADES-GN-3991,,10.606804,32,jades-gdn2-v3_g140m-f070lp_1181_3991.spec.fits,3991,189.1060542,62.2420489,G140M,F070LP,1021.222,12,jw01181005001_17101_00001_nrs1,jw01181005001_04_msa.fits,537,4,1,632,jades-gdn2-v3,934,1,0.7004,1.2602,1.2524,-1.5764711,-0.063923635,0.026505748,0.031534553,0.0013272815,0.03360874,1.8371638,0.083385855,0.101531796,1,211,869,33,0.0,240.85152,0.0,-0.0009999998,0.2996919,1716602402.65,0.8.5.dev7+g25edcb0,12254.664
1003,JADES-GN-3991,,10.606804,32,jades-gdn2-v3_g235m-f170lp_1181_3991.spec.fits,3991,189.1060542,62.2420489,G235M,F170LP,1021.222,15,jw01181005001_19101_00001_nrs1,jw01181005001_04_msa.fits,659,4,1,632,jades-gdn2-v3,1437,1,1.7003809,3.150057,2.0294857,0.7788315,0.042297143,0.037517298,2.7585955,0.13952476,0.046167012,4.818976,0.24514025,0.08485204,422,207,1431,32,0.0,240.8515,0.0,-0.001,0.2996919,1716602383.246,0.8.5.dev7+g25edcb0,15318.33
1003,JADES-GN-5591,,10.606804,32,jades-gdn11-v3_g140m-f070lp_1181_5591.spec.fits,5591,189.1060426,62.2420448,G140M,F070LP,1021.222,18,jw01181011001_29101_00001_nrs2,jw01181011001_05_msa.fits,822,5,1,712,jades-gdn11-v3,775,1,0.7004,1.2602,1.0058,-1.5234001,-0.07095243,0.029123303,0.087671846,0.004270826,0.03498375,1.9423604,0.08763353,0.12534289,1,1517,473,25,0.0,150.7049,0.0,0.0009999998,0.29416817,1716595056.934,0.8.5.dev7+g25edcb0,18381.996
1003,JADES-GN-3991,,10.606804,32,jades-gdn2-blue-v3_g140m-f100lp_1181_3991.spec.fits,3991,189.1060542,62.2420489,G140M,F100LP,1021.222,18,jw01181005001_17101_00001_nrs1,jw01181005001_04_msa.fits,537,4,1,632,jades-gdn2-blue-v3,1501,1,0.98,1.88,1.4126,-0.92263806,-0.043147746,0.036690325,1.0508767,0.06526327,0.059521817,3.3912847,0.28499067,0.10770514,379,206,1461,33,0.0,240.85152,0.0,0.001,0.5463568,1727985119.344,0.8.6.dev18+gc61ccae,18381.996
1003,JADES-GN-5591,,10.606804,32,jades-gdn11-v3_g235m-f170lp_1181_5591.spec.fits,5591,189.1060426,62.2420448,G235M,F170LP,1021.222,9,jw01181011001_27101_00001_nrs2,jw01181011001_05_msa.fits,821,5,1,712,jades-gdn11-v3,1437,1,1.7003809,3.150057,2.2122095,0.6530547,0.03844725,0.043303214,2.443546,0.12945993,0.05072348,4.4116745,0.22497492,0.07415125,22,1518,1448,34,0.0,150.70474,0.0,0.001,0.29416817,1716595047.488,0.8.5.dev7+g25edcb0,9190.998
1003,JADES-GN-5591,,10.606804,32,jades-gdn11-v3_g395m-f290lp_1181_5591.spec.fits,5591,189.1060426,62.2420448,G395M,F290LP,1021.222,9,jw01181011001_05101_00001_nrs2,jw01181011001_01_msa.fits,144,1,1,27,jades-gdn11-v3,1362,1,2.8794382,5.199619,4.4887333,0.17612182,0.015570178,0.03834104,2.092723,0.121319234,0.056495853,4.2775903,0.26761907,0.136375,101,1510,1370,34,0.0,150.7049,0.0,0.001,0.29416817,1716595030.703,0.8.5.dev7+g25edcb0,9190.998
1003,JADES-GN-5591,,10.606804,32,jades-gdn11-v3_g395h-f290lp_1181_5591.spec.fits,5591,189.1060426,62.2420448,G395H,F290LP,1021.222,9,jw01181011001_03101_00001_nrs2,jw01181011001_01_msa.fits,1,1,1,27,jades-gdn11-v3,1946,1,2.8801086,4.1137943,3.4757028,-0.41633537,-0.045435384,0.08902848,1.2399235,0.12776637,0.10312882,2.9467635,0.31508237,0.12271174,151,1530,1898,44,0.0,150.70526,0.0,0.0009999904,0.29416817,1716595039.662,0.8.5.dev7+g25edcb0,9190.998
1094,JADES-GN-643,,5.347664,13,jades-gdn2-v3_g395m-f290lp_1181_643.spec.fits,643,189.1103186,62.2254424,G395M,F290LP,1021.222,3,jw01181007001_21101_00001_nrs1,jw01181007001_04_msa.fits,648,4,1,624,jades-gdn2-v3,1361,1,2.8811429,5.199619,3.1777713,-1.0756686,-0.18554594,0.09209638,0.7473194,0.110906556,0.14136143,2.622369,0.4711379,0.33246452,666,108,1354,31,0.0,240.85178,0.0,0.0009999998,0.7464283,1716601784.342,0.8.5.dev7+g25edcb0,3063.666
1094,JADES-GN-643,,5.347664,13,jades-gdn2-v3_g140m-f070lp_1181_643.spec.fits,643,189.1103186,62.2254424,G140M,F070LP,1021.222,3,jw01181007001_17101_00001_nrs1,jw01181007001_04_msa.fits,530,4,1,624,jades-gdn2-v3,934,1,0.7004,1.2602,0.8246,-0.765513,-0.11827415,0.09004275,1.04854,0.14056426,0.118616596,3.0357125,0.41095644,0.3273189,116,125,913,32,0.0,240.85185,0.0,0.001,0.7464283,1716601795.251,0.8.5.dev7+g25edcb0,3063.666
1094,JADES-GN-643,,5.347664,13,jades-gdn2-blue-v3_g140m-f100lp_1181_643.spec.fits,643,189.1103186,62.2254424,G140M,F100LP,1021.222,3,jw01181007001_17101_00001_nrs1,jw01181007001_04_msa.fits,530,4,1,624,jades-gdn2-blue-v3,1501,1,0.98,1.88,1.859,-0.45733497,-0.081254005,0.118556604,1.3851496,0.22809575,0.16623232,3.2118967,0.62692136,0.28124285,539,121,1461,31,0.0,240.85185,0.0,0.0009999999,0.9658055,1727989518.175,0.8.6.dev18+gc61ccae,3063.666
1094,JADES-GN-643,,5.347664,13,jades-gdn2-v3_g235m-f170lp_1181_643.spec.fits,643,189.1103186,62.2254424,G235M,F170LP,1021.222,3,jw01181007001_19101_00001_nrs1,jw01181007001_04_msa.fits,647,4,1,624,jades-gdn2-v3,1437,1,1.7003809,3.150057,3.1480381,-0.70758766,-0.09301806,0.10118995,1.2202423,0.16333789,0.13089414,3.339359,0.46242297,0.1878155,583,121,1431,31,0.0,240.85175,0.0,0.001,0.7464283,1716601790.246,0.8.5.dev7+g25edcb0,3063.666
1461,1207-GS-112084,,5.7616377,8,gds-rieke-v3_g140m-f100lp_1207_112084.spec.fits,112084,53.119461,-27.80002000000002,G140M,F100LP,2334.222,3,jw01207004001_03101_00001_nrs2,jw01207004001_01_msa.fits,1,1,1,49,gds-rieke-v3,1473,1,0.9968,1.88,1.5356,-1.8434322,-0.13478854,0.043806244,0.0021953497,0.00019569816,0.06340711,1.8175905,0.124271266,0.11470813,1,1388,1429,33,0.0,250.47304,0.0,0.0009999999,0.2637821,1723201911.42,0.8.6.dev18+gc61ccae,7002.666
1461,1207-GS-112084,,5.7616377,8,gds-rieke-v3_g235m-f170lp_1207_112084.spec.fits,112084,53.119461,-27.80002000000002,G235M,F170LP,2334.222,3,jw01207004001_05101_00001_nrs2,jw01207004001_01_msa.fits,210,1,1,49,gds-rieke-v3,1437,1,1.7003809,3.150057,2.7573524,-2.3169804,-0.17424166,0.056488194,-0.36386067,-0.026880542,0.07250221,1.4638287,0.110791326,0.11192263,1,1388,1441,34,0.0,250.473,0.0,-0.0009999998,0.2637821,1723201914.302,0.8.6.dev18+gc61ccae,7002.666
2094,JADES-GN-59412,,5.1718073,13,jades-gdn10-v3_g395m-f290lp_1181_59412.spec.fits,59412,189.1563218,62.2100022,G395M,F290LP,1021.222,9,jw01181010001_19101_00001_nrs2,jw01181010001_04_msa.fits,679,4,1,541,jades-gdn10-v3,1362,1,2.8794382,5.199619,3.0976477,-0.23309359,-0.026230704,0.06870157,1.4955559,0.14981882,0.094851285,3.335738,0.34952316,0.19974877,205,1294,1369,35,0.0,150.74545,0.0,0.001,0.5949052,1716592141.724,0.8.5.dev7+g25edcb0,9190.998
2094,JADES-GN-59412,,5.1718073,13,jades-gdn10-v3_g395h-f290lp_1181_59412.spec.fits,59412,189.1563218,62.2100022,G395H,F290LP,1021.222,9,jw01181010001_03101_00001_nrs2,jw01181010001_01_msa.fits,1,1,1,16,jades-gdn10-v3,1855,1,2.8801086,4.056074,3.0964,-0.6780592,-0.13086072,0.15961845,0.9428947,0.17649557,0.18477866,2.6854937,0.5140228,0.2255445,239,1314,1810,43,0.0,150.74512,0.0,0.001,0.5949052,1716592118.826,0.8.5.dev7+g25edcb0,9190.998
2094,2674-GN-37,,5.1718073,13,gdn-pah123-v3_g395m-f290lp_2674_37.spec.fits,37,189.1563247,62.21000078000001,G395M,F290LP,1167.111,12,jw02674003001_03101_00001_nrs1,jw02674003001_01_msa.fits,1,1,1,33,gdn-pah123-v3,1199,1,2.8794382,5.199619,3.095943,-0.49331173,-0.049089253,0.051506896,1.561452,0.13271287,0.08433713,3.718444,0.35000658,0.18129359,1858,1947,191,24,0.0,192.6301,0.0,0.001,0.6640676,1716564800.926,0.8.5.dev7+g25edcb0,14005.332
2094,JADES-GN-59412,,5.1718073,13,jades-gdn10-v3_g140m-f070lp_1181_59412.spec.fits,59412,189.1563218,62.2100022,G140M,F070LP,1021.222,18,jw01181010001_09101_00001_nrs2,jw01181010001_01_msa.fits,148,1,1,16,jades-gdn10-v3,793,1,0.7004,1.2602,1.1006,-0.75102,-0.09661696,0.051238798,1.2905517,0.09454231,0.061597772,3.2146096,0.22768833,0.24980259,1,1306,566,26,0.0,150.74542,0.0,-0.001,0.5949052,1716592109.733,0.8.5.dev7+g25edcb0,18381.996
2094,JADES-GN-59412,,5.1718073,13,jades-gdn10-v3_g235m-f170lp_1181_59412.spec.fits,59412,189.1563218,62.2100022,G235M,F170LP,1021.222,9,jw01181010001_07101_00001_nrs2,jw01181010001_01_msa.fits,147,1,1,16,jades-gdn10-v3,1437,1,1.7003809,3.150057,3.0975618,-0.2233624,-0.021517841,0.074896075,1.4000098,0.12473737,0.089421555,3.2217584,0.29898173,0.120014966,117,1307,1447,35,0.0,150.74547,0.0,-0.001,0.5949052,1716592134.711,0.8.5.dev7+g25edcb0,9190.998
2390,1210-GS-13704,UV G140 lines may be systematics,5.9268456,20,gds-deep-v3_g140m-f070lp_1210_13704.spec.fits,13704,53.126535,-27.81809229999999,G140M,F070LP,2771.889,6,jw01210001003_09101_00001_nrs1,jw01210001003_01_msa.fits,125,1,1,119,gds-deep-v3,857,1,0.7466,1.2602,1.0268,-1.0651706,-0.029256606,0.019321173,0.95519817,0.02368009,0.023748437,3.1268897,0.077567935,0.0407965,1,715,834,34,0.0,321.08374,0.0,-0.001,0.36527166,1716565735.289,0.8.5.dev7+g25edcb0,16631.334
2390,1210-GS-13704,UV G140 lines may be systematics,5.9268456,20,gds-deep-v3_g395h-f290lp_1210_13704.spec.fits,13704,53.126535,-27.81809229999999,G395H,F290LP,2771.889,12,jw01210001003_05101_00001_nrs2,jw01210001003_01_msa.fits,123,1,1,119,gds-deep-v3,3499,1,2.8801086,5.1996913,3.46492,-1.2797844,-0.12574379,0.047112454,0.7711951,0.06321295,0.086551815,3.0735307,0.34005865,0.2250128,1,716,1896,38,0.0,321.0836,0.0,-0.001,0.36527166,1716565746.389,0.8.5.dev7+g25edcb0,33262.668
2390,1210-GS-13704,UV G140 lines may be systematics,5.9268456,20,gds-deep-v3_g395m-f290lp_1210_13704.spec.fits,13704,53.126535,-27.81809229999999,G395M,F290LP,2771.889,6,jw01210001002_17101_00001_nrs1,jw01210001002_02_msa.fits,317,2,1,308,gds-deep-v3,1362,1,2.8794382,5.199619,3.465876,-0.43243277,-0.013669567,0.021641552,1.5731341,0.05594651,0.03277623,3.9467034,0.18804584,0.08301104,466,702,1355,33,0.0,321.0693,0.0,-0.001,0.36527166,1716565723.563,0.8.5.dev7+g25edcb0,16631.334
2390,1210-GS-13704,UV G140 lines may be systematics,5.9268456,20,gds-deep-v3_g235m-f170lp_1210_13704.spec.fits,13704,53.126535,-27.81809229999999,G235M,F170LP,2771.889,6,jw01210001003_07101_00001_nrs1,jw01210001003_01_msa.fits,124,1,1,119,gds-deep-v3,1437,1,1.7003809,3.150057,2.6776,-1.1172701,-0.030456359,0.022938477,1.0285616,0.029561773,0.027503705,3.1045253,0.097542584,0.04042837,388,710,1432,34,0.0,321.0836,0.0,-0.001,0.36527166,1716565730.363,0.8.5.dev7+g25edcb0,16631.334
2392,1210-GS-13846,,4.9053483,20,gds-deep-v3_g140m-f070lp_1210_13846.spec.fits,13846,53.1230047,-27.80175250000002,G140M,F070LP,2771.889,9,jw01210001003_09101_00001_nrs1,jw01210001003_01_msa.fits,125,1,1,87,gds-deep-v3,934,1,0.7004,1.2602,0.8744,-0.71423,-0.029022822,0.024606178,1.0847093,0.03738721,0.030921381,3.004787,0.119271435,0.08482234,457,513,914,31,0.0,321.08374,0.0,0.0009999741,0.4093537,1716569889.293,0.8.5.dev7+g25edcb0,24947.002
2392,1210-GS-13846,,4.9053483,20,gds-deep-v3_g395m-f290lp_1210_13846.spec.fits,13846,53.1230047,-27.80175250000002,G395M,F290LP,2771.889,18,jw01210001001_09101_00001_nrs1,jw01210001001_01_msa.fits,116,1,1,82,gds-deep-v3,1206,1,2.8794382,5.199619,2.9561524,-0.819787,-0.037900355,0.025613405,1.1472402,0.042488083,0.03412588,3.1366594,0.13515802,0.09883195,998,498,1051,28,0.0,321.08688,0.0,0.001,0.4093537,1716569871.157,0.8.5.dev7+g25edcb0,49894.004
2392,1210-GS-13846,,4.9053483,20,gds-deep-v3_g395h-f290lp_1210_13846.spec.fits,13846,53.1230047,-27.80175250000002,G395H,F290LP,2771.889,18,jw01210001001_07101_00001_nrs1,jw01210001001_01_msa.fits,115,1,1,82,gds-deep-v3,3227,1,2.8801086,5.025897,3.8753028,-1.3119366,-0.14910494,0.05761825,0.5713611,0.058590673,0.10267108,2.5620534,0.30086336,0.22893655,1002,518,1047,27,0.0,321.08682,0.0,-0.001,0.4093537,1716569883.914,0.8.5.dev7+g25edcb0,49894.004
2392,1210-GS-13846,,4.9053483,20,gds-deep-v3_g235m-f170lp_1210_13846.spec.fits,13846,53.1230047,-27.80175250000002,G235M,F170LP,2771.889,18,jw01210001001_05101_00001_nrs1,jw01210001001_01_msa.fits,114,1,1,82,gds-deep-v3,1280,1,1.7003809,3.150057,2.2021143,-0.61538655,-0.023754813,0.027143557,1.3167102,0.04500435,0.033004023,3.2398078,0.11882355,0.058696847,916,511,1133,29,0.0,321.08676,0.0,-0.001,0.4093537,1716569863.363,0.8.5.dev7+g25edcb0,49894.004
2441,1210-GS-5217,,4.8863606,20,gds-deep-v3_g140m-f070lp_1210_5217.spec.fits,5217,53.1735144,-27.7718673,G140M,F070LP,2771.889,18,jw01210001003_09101_00001_nrs1,jw01210001003_01_msa.fits,125,1,1,19,gds-deep-v3,777,1,0.7004,1.2602,1.1234,-2.044144,-0.10856971,0.021285111,0.057808157,0.0020240585,0.024910407,2.0289702,0.06367669,0.10221468,1788,1837,261,23,0.0,321.08374,0.0,-0.0009999999,0.53645957,1716568203.273,0.8.5.dev7+g25edcb0,49894.004
2441,1210-GS-5217,,4.8863606,20,gds-deep-v3_g235m-f170lp_1210_5217.spec.fits,5217,53.1735144,-27.7718673,G235M,F170LP,2771.889,9,jw01210001002_13101_00001_nrs2,jw01210001002_02_msa.fits,315,2,1,209,gds-deep-v3,1437,1,1.7003809,3.150057,2.949162,-1.511254,-0.04719407,0.02589707,0.3561442,0.012198827,0.029900312,2.362073,0.07775641,0.04296494,59,1842,1450,36,0.0,321.06937,0.0,-0.0009999999,0.53645957,1716568217.814,0.8.5.dev7+g25edcb0,24947.002
2441,1210-GS-5217,,4.8863606,20,gds-deep-v3_g395h-f290lp_1210_5217.spec.fits,5217,53.1735144,-27.7718673,G395H,F290LP,2771.889,9,jw01210001001_07101_00001_nrs2,jw01210001001_01_msa.fits,115,1,1,13,gds-deep-v3,1885,1,2.8801086,4.075103,3.8651543,-1.833976,-0.11034003,0.052289017,0.17193125,0.0109368665,0.06006078,2.2121177,0.13761553,0.07354285,207,1844,1842,46,0.0,321.08682,0.0,0.0009999835,0.53645957,1716568210.893,0.8.5.dev7+g25edcb0,24947.002
2441,1210-GS-5217,,4.8863606,20,gds-deep-v3_g395m-f290lp_1210_5217.spec.fits,5217,53.1735144,-27.7718673,G395M,F290LP,2771.889,9,jw01210001003_03101_00001_nrs2,jw01210001003_01_msa.fits,1,1,1,19,gds-deep-v3,1362,1,2.8794382,5.199619,3.8647904,-1.3209097,-0.050772812,0.024224762,0.5312372,0.018697504,0.03190802,2.5538235,0.10876726,0.07737932,146,1825,1372,35,0.0,321.08356,0.0,0.0009999998,0.53645957,1716568196.815,0.8.5.dev7+g25edcb0,24947.002
2450,3215-GS-265801,,9.4060955,30,gds-udeep-v3_g140m-f070lp_3215_265801.spec.fits,265801,53.1124351,-27.77462580000002,G140M,F070LP,2771.889,11,jw03215001004_11101_00002_nrs1,jw03215001004_01_msa.fits,115,1,2,42,gds-udeep-v3,762,1,0.7004,1.157,1.0124,-1.7192528,-0.043403704,0.016132422,0.295052,0.007437027,0.021245137,2.4497967,0.066254206,0.062250413,1318,41,731,25,0.0,321.08887,0.0,-0.0009999999,0.534551,1716577322.708,0.8.5.dev7+g25edcb0,30490.78
2450,1210-GS-58975,,9.4060955,30,gds-deep-v3_g395m-f290lp_1210_58975.spec.fits,58975,53.112434,-27.774609,G395M,F290LP,2771.889,18,jw01210001001_09101_00001_nrs2,jw01210001001_01_msa.fits,116,1,1,49,gds-deep-v3,1204,1,2.8811429,5.199619,5.175752,-0.60198486,-0.02842219,0.023584086,1.3307122,0.050649296,0.037103705,3.5792542,0.1480092,0.08461856,1,24,1035,27,0.0,321.08688,0.0,-0.001,0.59406704,1716566966.58,0.8.5.dev7+g25edcb0,49894.004
2450,1210-GS-58975,,9.4060955,30,gds-deep-v3_g140m-f070lp_1210_58975.spec.fits,58975,53.112434,-27.774609,G140M,F070LP,2771.889,12,jw01210001003_09101_00001_nrs1,jw01210001003_01_msa.fits,125,1,1,57,gds-deep-v3,775,1,0.7004,1.2596,0.8438,-1.996489,-0.06213753,0.018301168,0.077115804,0.0021668728,0.025369033,2.1170795,0.069052234,0.07363518,1328,36,721,25,0.0,321.08374,0.0,0.001,0.59406704,1716566979.621,0.8.5.dev7+g25edcb0,33262.668
2450,1210-GS-58975,,9.4060955,30,gds-deep-v3_g235m-f170lp_1210_58975.spec.fits,58975,53.112434,-27.774609,G235M,F170LP,2771.889,18,jw01210001002_13101_00001_nrs2,jw01210001002_02_msa.fits,315,2,1,245,gds-deep-v3,1280,1,1.7003809,3.150057,2.6836572,-0.27539757,-0.008954721,0.024830557,1.7235521,0.051759053,0.0293904,3.854653,0.12251802,0.04383157,1,42,1033,27,0.0,321.06937,0.0,-0.001,0.59406704,1716566974.3,0.8.5.dev7+g25edcb0,49894.004
2450,1210-GS-58975,,9.4060955,30,gds-deep-v3_g395h-f290lp_1210_58975.spec.fits,58975,53.112434,-27.774609,G395H,F290LP,2771.889,18,jw01210001003_05101_00001_nrs2,jw01210001003_01_msa.fits,123,1,1,57,gds-deep-v3,2322,1,2.8801086,4.4518685,4.2806115,-1.3051983,-0.09137933,0.052403126,0.68911284,0.04627738,0.06256821,2.7881596,0.19629143,0.09521384,1,43,2048,38,0.0,321.0836,0.0,-0.0009999999,0.59406704,1716566959.253,0.8.5.dev7+g25edcb0,49894.004
2450,3215-GS-265801,,9.4060955,30,gds-udeep-v3_g395m-f290lp_3215_265801.spec.fits,265801,53.1124351,-27.77462580000002,G395M,F290LP,2771.889,120,jw03215001003_03101_00001_nrs1,jw03215001003_01_msa.fits,1,1,1,59,gds-udeep-v3,1198,1,2.8794382,5.199619,5.1740475,-2.5322752,-0.21208581,0.03555041,0.19635142,0.009320712,0.065153316,2.6476288,0.19871625,0.13227059,1876,29,173,23,0.0,321.07712,0.0,-0.0009999985,0.534551,1716577317.455,0.8.5.dev7+g25edcb0,332626.7
3819,JADES-GN-73977,,6.790264,10,jades-gdn09-v3_g395h-f290lp_1181_73977.spec.fits,73977,189.1854989,62.1798082,G395H,F290LP,1021.222,9,jw01181009001_03101_00001_nrs2,jw01181009001_01_msa.fits,1,1,1,38,jades-gdn09-v3,2130,1,2.8820114,4.2324057,3.8892572,-1.2069211,-0.24241903,0.1689708,0.4845123,0.09699749,0.19495067,2.273832,0.45557472,0.2358407,1,1771,2048,45,0.0,150.77866,0.0,0.0009999999,0.9340646,1716585198.193,0.8.5.dev7+g25edcb0,9190.998
3819,JADES-GN-73977,,6.790264,10,jades-gdn09-v3_g235m-f170lp_1181_73977.spec.fits,73977,189.1854989,62.1798082,G235M,F170LP,1021.222,9,jw01181009001_17101_00001_nrs2,jw01181009001_04_msa.fits,677,4,1,571,jades-gdn09-v3,1304,1,1.8346477,3.150057,2.4433904,-0.9722927,-0.095387205,0.07949431,0.7584888,0.07554673,0.09100851,2.4187088,0.24583957,0.13931708,1,1759,1274,33,0.0,150.77852,0.0,0.0009999998,0.9340646,1716585187.115,0.8.5.dev7+g25edcb0,9190.998
3819,JADES-GN-73977,,6.790264,10,jades-gdn09-v3_g140m-f070lp_1181_73977.spec.fits,73977,189.1854989,62.1798082,G140M,F070LP,1021.222,18,jw01181009001_09101_00001_nrs2,jw01181009001_01_msa.fits,143,1,1,38,jades-gdn09-v3,772,1,0.7004,1.2602,1.1462,-1.2390808,-0.16558594,0.061901577,0.6820014,0.0631808,0.089555524,2.5220592,0.2671876,0.304336,1,1764,277,24,0.0,150.7789,0.0,0.0009999999,0.9340646,1716585207.108,0.8.5.dev7+g25edcb0,18381.996
3819,JADES-GN-73977,,6.790264,10,jades-gdn09-v3_g395m-f290lp_1181_73977.spec.fits,73977,189.1854989,62.1798082,G395M,F290LP,1021.222,9,jw01181009001_25101_00001_nrs2,jw01181009001_05_msa.fits,828,5,1,726,jades-gdn09-v3,1282,1,3.015819,5.199619,3.888657,-1.1155905,-0.12916392,0.07010695,0.67743313,0.067260906,0.0986682,2.420328,0.28406534,0.22691886,1,1746,1280,32,0.0,150.7786,0.0,-0.001,0.9340646,1716585177.873,0.8.5.dev7+g25edcb0,9190.998
4572,JADES-GS-20086025,,7.267029,15,jades-gds1-v3_g395m-f290lp_1286_20086025.spec.fits,20086025,53.183741,-27.79390210000003,G395M,F290LP,1021.222,9,jw01286001001_05101_00001_nrs2,jw01286001001_01_msa.fits,152,1,1,39,jades-gds1-v3,1362,1,2.8794382,5.199619,4.1375523,-1.5327687,-0.19288711,0.07402773,0.42128542,0.043107502,0.10075324,2.3211582,0.2793902,0.23386009,18,482,1364,31,0.0,56.139797,0.0,-0.0009999997,0.83242583,1716617013.203,0.8.5.dev7+g25edcb0,9190.998
4572,JADES-GS-20086025,,7.267029,15,jades-gds1-v3_g140m-f070lp_1286_20086025.spec.fits,20086025,53.183741,-27.79390210000003,G140M,F070LP,875.333,18,jw01286001001_19101_00001_nrs1,jw01286001001_04_msa.fits,700,4,1,588,jades-gds1-v3,775,1,0.7004,1.2602,0.872,-1.4902261,-0.18740237,0.072583765,0.18781468,0.021398306,0.08758084,1.9710884,0.23351927,0.27237597,1666,494,383,24,0.0,56.139843,0.0,0.001,0.83242583,1716617027.962,0.8.5.dev7+g25edcb0,15755.994
4572,JADES-GS-20086025,,7.267029,15,jades-gds1-v3_g395h-f290lp_1286_20086025.spec.fits,20086025,53.183741,-27.79390210000003,G395H,F290LP,875.333,9,jw01286001001_03101_00001_nrs2,jw01286001001_01_msa.fits,1,1,1,39,jades-gds1-v3,2091,1,2.8801086,4.2057657,4.138531,-1.5715513,-0.40998372,0.22124214,0.087473646,0.022848448,0.25864664,1.7634385,0.46464345,0.31057203,21,501,2028,40,0.0,56.139725,0.0,0.0009999999,0.83242583,1716617036.483,0.8.5.dev7+g25edcb0,7877.997
4572,JADES-GS-20086025,,7.267029,15,jades-gds1-v3_g235m-f170lp_1286_20086025.spec.fits,20086025,53.183741,-27.79390210000003,G235M,F170LP,1021.222,9,jw01286001001_07101_00001_nrs2,jw01286001001_01_msa.fits,153,1,1,39,jades-gds1-v3,1421,1,1.7165333,3.150057,3.078381,-1.1811063,-0.1242743,0.085561335,0.5119669,0.051748183,0.09906615,2.028685,0.23426355,0.15429732,1,495,1375,31,0.0,56.13974,0.0,0.0009999999,0.83242583,1716617020.304,0.8.5.dev7+g25edcb0,9190.998
4621,JADES-GN-24707,,5.9183087,10,jades-gdn10-v3_g395h-f290lp_1181_24707.spec.fits,24707,189.1497195,62.222124,G395H,F290LP,1021.222,9,jw01181010001_03101_00001_nrs2,jw01181010001_01_msa.fits,1,1,1,57,jades-gdn10-v3,2154,1,2.9200685,4.2856855,3.4738,-1.4824418,-0.22252092,0.12109028,0.21373957,0.030971192,0.14242934,1.9912214,0.29283896,0.18677638,1,1551,2048,45,0.0,150.74512,0.0,0.0009999998,0.43459544,1716592403.976,0.8.5.dev7+g25edcb0,9190.998
4621,JADES-GN-24707,,5.9183087,10,jades-gdn10-v3_g140m-f070lp_1181_24707.spec.fits,24707,189.1497195,62.222124,G140M,F070LP,1021.222,18,jw01181010001_09101_00001_nrs2,jw01181010001_01_msa.fits,148,1,1,57,jades-gdn10-v3,793,1,0.7004,1.2602,0.8846,-1.4157519,-0.104643166,0.04217085,0.4047656,0.02421494,0.0626564,2.0549903,0.17554829,0.19836217,1,1544,211,24,0.0,150.74542,0.0,-0.0009999633,0.43459544,1716592412.139,0.8.5.dev7+g25edcb0,18381.996
4621,JADES-GN-24707,,5.9183087,10,jades-gdn10-v3_g395m-f290lp_1181_24707.spec.fits,24707,189.1497195,62.222124,G395M,F290LP,1021.222,9,jw01181010001_25101_00001_nrs2,jw01181010001_05_msa.fits,826,5,1,733,jades-gdn10-v3,1235,1,3.095943,5.199619,3.4726954,-1.3038763,-0.12658305,0.05110922,0.32844174,0.028028881,0.07975022,2.203834,0.20537812,0.17886798,1,1532,1234,30,0.0,150.74585,0.0,0.001,0.43459544,1716592418.38,0.8.5.dev7+g25edcb0,9190.998
4621,JADES-GN-24707,,5.9183087,10,jades-gdn10-v3_g235m-f170lp_1181_24707.spec.fits,24707,189.1497195,62.222124,G235M,F170LP,1021.222,12,jw01181010001_07101_00001_nrs1,jw01181010001_01_msa.fits,147,1,1,57,jades-gdn10-v3,1297,1,1.7003809,3.150057,3.010743,-1.3560936,-0.10114283,0.055329643,0.30478525,0.020938272,0.06821515,2.0806327,0.15598987,0.10487555,1955,1545,94,23,0.0,150.74547,0.0,-0.0006772732,0.43459544,1716592393.75,0.8.5.dev7+g25edcb0,12254.664
4722,JADES-GN-66336,,7.1490746,10,jades-gdn10-v3_g395m-f290lp_1181_66336.spec.fits,66336,189.2592937,62.2354608,G395M,F290LP,1021.222,18,jw01181010001_05101_00001_nrs1,jw01181010001_01_msa.fits,146,1,1,105,jades-gdn10-v3,1223,1,2.8794382,5.199619,4.076181,-1.2656876,-0.095567435,0.042280134,0.577758,0.035270065,0.057931058,2.5153031,0.16776566,0.12942971,959,23,1090,28,0.0,150.74544,0.0,0.0009999998,0.6279706,1716590382.102,0.8.5.dev7+g25edcb0,18381.996
4722,JADES-GN-66336,,7.1490746,10,jades-gdn10-v3_g235m-f170lp_1181_66336.spec.fits,66336,189.2592937,62.2354608,G235M,F170LP,1021.222,18,jw01181010001_17101_00001_nrs2,jw01181010001_04_msa.fits,678,4,1,633,jades-gdn10-v3,1296,1,1.7003809,3.150057,2.8976762,-1.2751865,-0.07380592,0.046175357,0.63350356,0.03678667,0.053299814,2.3921564,0.1430556,0.08728585,1,37,119,23,0.0,150.74554,0.0,-0.001,0.6279706,1716590372.703,0.8.5.dev7+g25edcb0,18381.996
4722,JADES-GN-66336,,7.1490746,10,jades-gdn10-v3_g395h-f290lp_1181_66336.spec.fits,66336,189.2592937,62.2354608,G395H,F290LP,1021.222,18,jw01181010001_23101_00001_nrs2,jw01181010001_05_msa.fits,681,5,1,782,jades-gdn10-v3,3309,1,2.8801086,5.067126,4.076371,-1.8160517,-0.3931023,0.100002535,0.073001266,0.011214571,0.16685396,1.9567533,0.3380045,0.36794937,1,43,2048,38,0.0,150.74577,0.0,-0.001,0.6279706,1716590398.422,0.8.5.dev7+g25edcb0,18381.996
4722,JADES-GN-66336,,7.1490746,10,jades-gdn10-v3_g140m-f070lp_1181_66336.spec.fits,66336,189.2592937,62.2354608,G140M,F070LP,1021.222,9,jw01181010001_15101_00001_nrs1,jw01181010001_04_msa.fits,529,4,1,633,jades-gdn10-v3,934,1,0.7004,1.2602,0.7838,-1.6889342,-0.13206692,0.039295282,0.33923295,0.018766718,0.05083109,2.0291004,0.12663051,0.15983537,414,38,913,31,0.0,150.74545,0.0,-0.0009999983,0.6279706,1716590405.309,0.8.5.dev7+g25edcb0,9190.998
5170,JADES-GN-8591,,5.2111955,10,jades-gdn10-v3_g235m-f170lp_1181_8591.spec.fits,8591,189.1626076,62.2507914,G235M,F170LP,1021.222,6,jw01181010001_27101_00001_nrs2,jw01181010001_05_msa.fits,827,5,1,780,jades-gdn10-v3,1273,1,1.7003809,3.150057,3.0985715,-1.7095888,-0.2869812,0.118853465,0.19346008,0.031034444,0.14590377,2.0270317,0.31820813,0.26840433,1,1670,219,24,0.0,150.74582,0.0,0.0009999982,0.8440076,1716588336.028,0.8.5.dev7+g25edcb0,6127.332
5170,JADES-GN-8591,,5.2111955,10,jades-gdn10-v3_g140m-f070lp_1181_8591.spec.fits,8591,189.1626076,62.2507914,G140M,F070LP,1021.222,3,jw01181010001_29101_00001_nrs1,jw01181010001_05_msa.fits,828,5,1,780,jades-gdn10-v3,934,1,0.7004,1.2602,0.7082,-1.344052,-0.26870784,0.10529555,0.3279593,0.051667415,0.14625941,2.1538947,0.39349782,0.44297105,507,1672,918,33,0.0,150.74576,0.0,-0.0009999999,0.8440076,1716588345.72,0.8.5.dev7+g25edcb0,3063.666
5170,JADES-GN-8591,,5.2111955,10,jades-gdn10-v3_g395h-f290lp_1181_8591.spec.fits,8591,189.1626076,62.2507914,G395H,F290LP,1021.222,6,jw01181010001_23101_00001_nrs1,jw01181010001_05_msa.fits,681,5,1,780,jades-gdn10-v3,3083,1,2.8801086,4.939,3.0983028,-2.142056,-1.2469903,0.26714516,-0.40589133,-0.18350783,0.446086,1.410925,0.57457083,0.8603232,1117,1676,932,28,0.0,150.74577,0.0,-0.0009999812,0.8440076,1716588331.665,0.8.5.dev7+g25edcb0,6127.332
5170,JADES-GN-8591,,5.2111955,10,jades-gdn10-v3_g395m-f290lp_1181_8591.spec.fits,8591,189.1626076,62.2507914,G395M,F290LP,1021.222,6,jw01181010001_25101_00001_nrs2,jw01181010001_05_msa.fits,826,5,1,780,jades-gdn10-v3,1198,1,2.8794382,5.199619,3.0993524,-1.6331329,-0.3285258,0.10741369,0.21423684,0.035533704,0.14603087,2.0566087,0.34730625,0.44204512,1,1657,225,23,0.0,150.74585,0.0,-0.0009999862,0.8440076,1716588340.239,0.8.5.dev7+g25edcb0,6127.332
6176,JADES-GS-13347,,5.8695016,12,jades-gds-wide2-v3_g140m-f070lp_1180_13347.spec.fits,13347,53.2029877,-27.7761337,G140M,F070LP,1021.222,12,jw01180134001_03101_00001_nrs2,jw01180134001_01_msa.fits,1,1,1,16,jades-gds-wide2-v3,781,1,0.7004,1.2602,0.9224,-0.8496615,-0.08145195,0.06798924,0.74918354,0.07800813,0.08199748,2.4094768,0.28271535,0.26590833,1,256,550,25,0.0,68.72666,0.0,-0.0009999998,0.50030786,1716609111.758,0.8.5.dev7+g25edcb0,12254.664
6176,JADES-GS-13347,,5.8695016,12,jades-gds-wide2-v3_g395m-f290lp_1180_13347.spec.fits,13347,53.2029877,-27.7761337,G395M,F290LP,1021.222,6,jw01180134001_0310f_00001_nrs2,jw01180134001_04_msa.fits,741,4,1,593,jades-gds-wide2-v3,1362,1,2.8794382,5.199619,3.4488285,-1.0050654,-0.14749077,0.08248015,0.72982645,0.09001837,0.123773396,2.3601947,0.3365768,0.2791962,197,244,1365,32,0.0,68.72697,0.0,0.001,0.50030786,1716609102.31,0.8.5.dev7+g25edcb0,6127.332
6176,JADES-GS-13347,,5.8695016,12,jades-gds-wide2-v3_g235m-f170lp_1180_13347.spec.fits,13347,53.2029877,-27.7761337,G235M,F170LP,1021.222,6,jw01180134001_03103_00001_nrs2,jw01180134001_01_msa.fits,168,1,1,16,jades-gds-wide2-v3,1437,1,1.7003809,3.150057,2.5685713,-1.0947062,-0.12837589,0.09067051,0.5439207,0.06305575,0.11135033,2.1225479,0.25121558,0.1700836,101,257,1442,32,0.0,68.72683,0.0,-0.0009999998,0.50030786,1716609107.121,0.8.5.dev7+g25edcb0,6127.332
7849,JADES-GN-89464,,6.7178674,10,jades-gdn11-v3_g395m-f290lp_1181_89464.spec.fits,89464,189.1865816,62.2709077,G395M,F290LP,1021.222,9,jw01181011001_19101_00001_nrs1,jw01181011001_04_msa.fits,680,4,1,636,jades-gdn11-v3,860,1,2.8794382,4.3438287,3.8682,-0.6269467,-0.03187126,0.037250545,1.2273113,0.057043523,0.045210946,3.134544,0.14955696,0.066123,883,619,1166,29,0.0,150.70471,0.0,0.001,0.42782706,1716594940.909,0.8.5.dev7+g25edcb0,9190.998
7849,JADES-GN-89464,,6.7178674,10,jades-gdn11-v3_g140m-f070lp_1181_89464.spec.fits,89464,189.1865816,62.2709077,G140M,F070LP,1021.222,9,jw01181011001_29101_00001_nrs1,jw01181011001_05_msa.fits,822,5,1,776,jades-gdn11-v3,934,1,0.7004,1.2602,1.1462,-1.1254246,-0.08932063,0.03250598,1.1718328,0.055445388,0.041958034,3.5117273,0.15104443,0.13084894,339,634,915,32,0.0,150.7049,0.0,0.0009999999,0.42782706,1716594963.797,0.8.5.dev7+g25edcb0,9190.998
7849,JADES-GN-89464,,6.7178674,10,jades-gdn11-v3_g235m-f170lp_1181_89464.spec.fits,89464,189.1865816,62.2709077,G235M,F170LP,1021.222,9,jw01181011001_27101_00001_nrs1,jw01181011001_05_msa.fits,821,5,1,776,jades-gdn11-v3,902,1,1.7003809,2.609962,2.1839428,-0.4914493,-0.022931151,0.04073946,1.337647,0.06326892,0.046408836,3.2318714,0.15422575,0.05488183,805,632,1244,29,0.0,150.70474,0.0,-0.001,0.42782706,1716594934.753,0.8.5.dev7+g25edcb0,9190.998
7849,JADES-GN-89464,,6.7178674,10,jades-gdn11-v3_g395h-f290lp_1181_89464.spec.fits,89464,189.1865816,62.2709077,G395H,F290LP,1021.222,18,jw01181011001_03101_00001_nrs2,jw01181011001_01_msa.fits,1,1,1,104,jades-gdn11-v3,2971,1,2.8801086,5.0982056,3.86896,-1.2947763,-0.26763412,0.095446095,0.42435414,0.075673856,0.18007919,2.2578387,0.47242045,0.387444,1,643,2048,40,0.0,150.70526,0.0,0.001,0.42782706,1716594956.109,0.8.5.dev7+g25edcb0,18381.996
7890,3215-GS-101167,,5.5605555,10,gds-udeep-v3_g140m-f070lp_3215_101167.spec.fits,101167,53.1553061,-27.81586800000002,G140M,F070LP,2771.889,6,jw03215001003_11101_00001_nrs1,jw03215001003_01_msa.fits,144,1,1,107,gds-udeep-v3,934,1,0.7004,1.2602,1.028,-1.5867269,-0.079123534,0.031982843,0.36536375,0.015214005,0.038796436,2.2937796,0.12486684,0.10487604,179,1562,918,36,0.0,321.0772,0.0,0.001,0.6693827,1716575485.388,0.8.5.dev7+g25edcb0,16631.334
7890,3215-GS-101167,,5.5605555,10,gds-udeep-v3_g395m-f290lp_3215_101167.spec.fits,101167,53.1553061,-27.81586800000002,G395M,F290LP,2771.889,24,jw03215001003_03101_00001_nrs1,jw03215001003_01_msa.fits,1,1,1,107,gds-udeep-v3,1362,1,2.8794382,5.199619,3.2851715,-2.4959726,-0.050349157,0.012136525,-0.12009319,-0.0022372375,0.017901534,2.2965794,0.04936334,0.043664888,730,1545,1319,32,0.0,321.07712,0.0,-0.001,0.6693827,1716575494.35,0.8.5.dev7+g25edcb0,66525.336
7908,3215-GS-109389,,5.7935553,10,gds-udeep-v3_g395m-f290lp_3215_109389.spec.fits,109389,53.1221036,-27.80429170000002,G395M,F290LP,2771.889,60,jw03215001001_03101_00001_nrs1,jw03215001001_01_msa.fits,1,1,1,102,gds-udeep-v3,1191,1,2.8794382,4.908105,3.3993905,-1.281771,-0.042466447,0.023112876,0.4348374,0.013987185,0.030162688,2.272612,0.088621885,0.062918425,899,493,1150,29,0.0,321.0904,0.0,0.0009999792,0.6485403,1716574509.669,0.8.5.dev7+g25edcb0,166313.34
7908,3215-GS-109389,,5.7935553,10,gds-udeep-v3_g140m-f070lp_3215_109389.spec.fits,109389,53.1221036,-27.80429170000002,G140M,F070LP,2771.889,14,jw03215001004_11101_00002_nrs1,jw03215001004_01_msa.fits,115,1,2,74,gds-udeep-v3,934,1,0.7004,1.2602,1.0268,-1.28755,-0.2031687,0.021629488,0.3149984,0.021882461,0.10968953,1.9616942,0.2464955,0.420228,353,508,914,32,0.0,321.08887,0.0,0.001,0.6485403,1716574517.827,0.8.5.dev7+g25edcb0,38806.445
8007,3215-GS-202208,,5.448009,10,gds-udeep-v3_g140m-f070lp_3215_202208.spec.fits,202208,53.1640684,-27.79972020000002,G140M,F070LP,2771.889,11,jw03215001004_11101_00002_nrs1,jw03215001004_01_msa.fits,115,1,2,49,gds-udeep-v3,934,1,0.7004,1.2602,1.229,-0.45443416,-0.018009108,0.017771088,2.4062986,0.057885483,0.023668699,4.8378744,0.11031482,0.061212104,776,1731,919,31,0.0,321.08887,0.0,-0.001,0.2707469,1716574512.856,0.8.5.dev7+g25edcb0,30490.78
8007,3215-GS-202208,,5.448009,10,gds-udeep-v3_g395m-f290lp_3215_202208.spec.fits,202208,53.1640684,-27.79972020000002,G395M,F290LP,2771.889,120,jw03215001004_03101_00001_nrs1,jw03215001004_01_msa.fits,1,1,1,49,gds-udeep-v3,1212,1,2.8794382,5.199619,3.2289143,0.46135825,0.013722886,0.019419895,2.1623354,0.062264506,0.025996134,4.181765,0.23039709,0.0808856,1325,1718,724,26,0.0,321.08878,0.0,-0.001,0.2707469,1716574506.818,0.8.5.dev7+g25edcb0,332626.7
10197,GLASS-ABELL2744-150008,,6.2281814,9,abell2744-glass-v3_g235h-f170lp_1324_150008.spec.fits,150008,3.602529930022035,-30.41923238255771,G235H,F170LP,1458.889,24,jw01324006001_07101_00002_nrs2,jw01324006001_01_msa.fits,194,1,2,89,abell2744-glass-v3,2409,1,1.6999772,2.6703658,2.5293143,-0.33802956,-0.036073036,0.0904212,1.6121343,0.16876924,0.10394787,3.7083836,0.3903969,0.12246563,1,1543,2048,40,0.0,43.195553,0.0,-0.001,0.78865206,1719573270.399,0.8.6.dev12+g3079e73,35013.336
10197,GLASS-ABELL2744-150008,,6.2281814,9,abell2744-glass-v3_g140h-f100lp_1324_150008.spec.fits,150008,3.602529930022035,-30.41923238255771,G140H,F100LP,1458.889,24,jw01324006001_03101_00001_nrs2,jw01324006001_01_msa.fits,1,1,1,89,abell2744-glass-v3,2541,1,0.98010665,1.59256,1.37836,0.09133095,0.009132344,0.07514579,2.193904,0.2035735,0.09258308,4.297203,0.40584657,0.12469673,1,1538,2048,44,0.0,43.195538,0.0,0.001,0.78865206,1719573256.022,0.8.6.dev12+g3079e73,35013.336
10197,GLASS-ABELL2744-150008,,6.2281814,9,abell2744-glass-v3_g395h-f290lp_1324_150008.spec.fits,150008,3.602529930022035,-30.41923238255771,G395H,F290LP,1458.889,24,jw01324006001_11101_00002_nrs1,jw01324006001_01_msa.fits,196,1,2,89,abell2744-glass-v3,2399,1,2.8801086,4.504514,3.62032,-0.64020234,-0.067490056,0.07919588,1.4265803,0.14605051,0.10002703,3.6814497,0.37450096,0.15015438,1762,1542,287,24,0.0,43.195496,0.0,0.001,0.78865206,1719573243.814,0.8.6.dev12+g3079e73,35013.336
12405,2478-A1703-23,,6.0880165,6,stark-a1703-v3_g395m-f290lp_2478_23.spec.fits,23,198.7559517168744,51.80725141372184,G395M,F290LP,510.611,6,jw02478002001_07101_00001_nrs2,jw02478002001_01_msa.fits,48,1,1,16,stark-a1703-v3,1197,1,2.8794382,5.199619,3.5494096,-0.3822867,-0.3048703,0.3972238,0.99987453,0.6351705,0.6503825,2.5326638,1.9533906,1.3639596,1,393,721,26,0.0,195.69127,0.0,0.0009999999,1.2702695,1716508279.369,0.8.4,3063.666
12405,2478-A1703-23,,6.0880165,6,stark-a1703-v3_g140m-f100lp_2478_23.spec.fits,23,198.7559517168744,51.80725141372184,G140M,F100LP,2188.333,6,jw02478002001_05101_00002_nrs1,jw02478002001_01_msa.fits,1,1,1,16,stark-a1703-v3,1336,1,0.98,1.88,1.2272,1.4132931,0.32114106,0.10324074,3.5544286,0.5936657,0.16138114,6.3877687,0.8867781,0.3019495,1431,406,618,24,0.0,195.69115,0.0,0.001,1.2702695,1716508276.227,0.8.4,13129.998
12431,2478-A1703-6,,7.044,6,stark-a1703-v3_g140m-f100lp_2478_6.spec.fits,6,198.7542339022746,51.83466342610234,G140M,F100LP,2188.333,6,jw02478002001_05101_00002_nrs1,jw02478002001_01_msa.fits,1,1,1,23,stark-a1703-v3,1336,1,0.98,1.88,1.2482,0.8636008,0.08439695,0.043232005,3.2504718,0.20744307,0.0626668,6.10865,0.33104512,0.12509386,1080,1270,969,27,0.0,195.69115,0.0,0.001,0.26654804,1716508291.639,0.8.4,13129.998
12431,2478-A1703-6,,7.044,6,stark-a1703-v3_g395m-f290lp_2478_6.spec.fits,6,198.7542339022746,51.83466342610234,G395M,F290LP,510.611,6,jw02478002001_07101_00001_nrs1,jw02478002001_01_msa.fits,48,1,1,23,stark-a1703-v3,1198,1,2.8794382,5.199619,4.0284476,-0.8388065,-0.32189047,0.17041188,0.507496,0.13796274,0.24489,1.9483564,0.72351164,0.9196909,1206,1257,843,27,0.0,195.69127,0.0,0.001,0.26654804,1716508295.386,0.8.4,3063.666
14689,JADES-GN-38184,,5.04748,20,jades-gdn-v3_g140m-f070lp_1181_38184.spec.fits,38184,189.2128062,62.1486365,G140M,F070LP,1021.222,6,jw01181098001_15101_00001_nrs1,jw01181098001_04_msa.fits,525,4,1,553,jades-gdn-v3,769,1,0.7004,1.2602,1.1276,0.773651,0.084783874,0.07739306,2.4353206,0.27876922,0.104688376,4.170065,1.2227284,0.47832808,1705,1633,344,24,0.0,133.25151,0.0,0.001,0.53126705,1716584195.767,0.8.5.dev7+g25edcb0,6127.332
14689,JADES-GN-38184,,5.04748,20,jades-gdn-v3_g395m-f290lp_1181_38184.spec.fits,38184,189.2128062,62.1486365,G395M,F290LP,1021.222,3,jw01181098001_19101_00001_nrs2,jw01181098001_04_msa.fits,674,4,1,553,jades-gdn-v3,1361,1,2.8811429,5.199619,3.0260477,-0.6168697,-0.11113975,0.09738592,1.1928318,0.17177474,0.13678879,3.070272,0.44962475,0.29772434,66,1620,1370,34,0.0,133.2514,0.0,0.001,0.53126705,1716584198.814,0.8.5.dev7+g25edcb0,3063.666
14689,JADES-GN-38184,,5.04748,20,jades-gdn-v3_g395h-f290lp_1181_38184.spec.fits,38184,189.2128062,62.1486365,G395H,F290LP,1021.222,3,jw01181098001_21101_00001_nrs2,jw01181098001_04_msa.fits,675,4,1,553,jades-gdn-v3,1979,1,2.8801086,4.1347256,3.0240915,-0.5293612,-0.14095043,0.2099212,1.0795876,0.28167778,0.25924256,2.9088976,0.76066583,0.33803067,119,1640,1930,45,0.0,133.25143,0.0,0.001,0.53126705,1716584202.763,0.8.5.dev7+g25edcb0,3063.666
14689,JADES-GN-38184,,5.04748,20,jades-gdn-v3_g235m-f170lp_1181_38184.spec.fits,38184,189.2128062,62.1486365,G235M,F170LP,1021.222,3,jw01181098001_17101_00001_nrs2,jw01181098001_04_msa.fits,673,4,1,553,jades-gdn-v3,1437,1,1.7003809,3.150057,3.024876,-0.13923869,-0.02060799,0.10334173,1.6330286,0.21582912,0.13322718,3.4015203,0.46373212,0.19584943,1,1633,1427,34,0.0,133.25153,0.0,0.001,0.53126705,1716584206.361,0.8.5.dev7+g25edcb0,3063.666
17934,JADES-GS-12438,,5.0074925,16,jades-gds-wide-v3_g140m-f070lp_1180_12438.spec.fits,12438,53.1313319,-27.76457800000003,G140M,F070LP,1021.222,6,jw01180027001_13101_00001_nrs1,jw01180027001_04_msa.fits,530,4,1,594,jades-gds-wide-v3,767,1,0.7004,1.2596,1.0814,-0.7134912,-0.12494519,0.109776676,0.9374957,0.15883273,0.16595538,2.6460478,0.7806204,0.576028,1395,697,654,25,0.0,308.07986,0.0,0.001,0.734415,1716607306.786,0.8.5.dev7+g25edcb0,6127.332
17934,JADES-GS-12438,,5.0074925,16,jades-gds-wide-v3_g395m-f290lp_1180_12438.spec.fits,12438,53.1313319,-27.76457800000003,G395M,F290LP,1021.222,6,jw01180027001_17101_00001_nrs2,jw01180027001_04_msa.fits,725,4,1,594,jades-gds-wide-v3,1198,1,2.8794382,5.199619,2.8811429,-1.3493106,-0.3444337,0.12909892,0.331153,0.06597072,0.19001277,2.0840414,0.43002915,0.44345742,1,685,1112,28,0.0,308.07977,0.0,0.001,0.734415,1716607297.9,0.8.5.dev7+g25edcb0,6127.332
17934,JADES-GS-12438,,5.0074925,16,jades-gds-wide-v3_g235m-f170lp_1180_12438.spec.fits,12438,53.1313319,-27.76457800000003,G235M,F170LP,1021.222,6,jw01180027001_15101_00001_nrs2,jw01180027001_04_msa.fits,724,4,1,594,jades-gds-wide-v3,1272,1,1.7003809,3.150057,1.7114857,-0.8073133,-0.17434677,0.13351594,0.8909287,0.15502797,0.17768887,2.555737,0.48654047,0.2690659,1,698,1107,28,0.0,308.07983,0.0,0.001,0.734415,1716607293.113,0.8.5.dev7+g25edcb0,6127.332
18020,JADES-GS-16167,,5.940189,16,jades-gds-wide-v3_g235m-f170lp_1180_16167.spec.fits,16167,53.1124743,-27.80625309999999,G235M,F170LP,1021.222,3,jw01180027001_15101_00001_nrs1,jw01180027001_04_msa.fits,724,4,1,694,jades-gds-wide-v3,1437,1,1.7003809,3.150057,2.9219048,-1.5785824,-0.22442691,0.1030593,0.23914509,0.03062749,0.1296834,1.9996089,0.28118065,0.19156949,413,30,1430,32,0.0,308.07983,0.0,-0.0009999999,0.8604002,1716603442.903,0.8.5.dev7+g25edcb0,3063.666
18020,JADES-GS-16167,,5.940189,16,jades-gds-wide-v3_g140m-f070lp_1180_16167.spec.fits,16167,53.1124743,-27.80625309999999,G140M,F070LP,1021.222,3,jw01180027001_13101_00001_nrs1,jw01180027001_04_msa.fits,530,4,1,694,jades-gds-wide-v3,886,1,0.7292,1.2602,1.2116,-1.6144353,-0.20897192,0.089654766,0.23036589,0.029521279,0.11319543,1.991179,0.28882807,0.24852556,1,34,860,33,0.0,308.07986,0.0,0.001,0.8604002,1716603446.895,0.8.5.dev7+g25edcb0,3063.666
18020,JADES-GS-16167,,5.940189,16,jades-gds-wide-v3_g395m-f290lp_1180_16167.spec.fits,16167,53.1124743,-27.80625309999999,G395M,F290LP,1021.222,3,jw01180027001_17101_00001_nrs1,jw01180027001_04_msa.fits,725,4,1,694,jades-gds-wide-v3,1362,1,2.8794382,5.199619,3.3482475,-1.6821343,-0.26061705,0.08294804,0.24630442,0.031392608,0.124905504,2.1102388,0.30915835,0.2993139,496,16,1353,32,0.0,308.07977,0.0,-0.001,0.8604002,1716603438.546,0.8.5.dev7+g25edcb0,3063.666
18896,AURORA-GN-100159,,7.042805,6,aurora-gdn02-v3_g140m-f100lp_1914_100159.spec.fits,100159,189.13760362191834,62.26519926859139,G140M,F100LP,7294.445,12,jw01914002001_03101_00001_nrs1,jw01914002001_01_msa.fits,1,1,1,27,aurora-gdn02-v3,1336,1,0.98,1.88,1.6298,-0.6245206,-0.012152236,0.011273177,1.520856,0.025122037,0.016173298,3.707276,0.06285397,0.026959114,1503,411,546,24,0.0,291.1106,0.0,0.001,0.40716758,1735666827.497,0.9.2.dev1+g8ebd90e,87533.34
18896,AURORA-GN-100159,,7.042805,6,aurora-gdn02-v3_g395m-f290lp_1914_100159.spec.fits,100159,189.13760362191834,62.26519926859139,G395M,F290LP,2480.111,12,jw01914002002_03101_00001_nrs1,jw01914002002_01_msa.fits,1,1,1,27,aurora-gdn02-v3,1202,1,2.8794382,5.199619,4.026743,-0.7082282,-0.049062893,0.029198548,0.7672109,0.04023398,0.05567555,2.5942626,0.14653403,0.1251785,1627,398,422,24,0.0,291.108,0.0,0.001,0.40716758,1735666822.306,0.9.2.dev1+g8ebd90e,29761.332
18896,AURORA-GN-100159,,7.042805,6,aurora-gdn02-v3_g235m-f170lp_1914_100159.spec.fits,100159,189.13760362191834,62.26519926859139,G235M,F170LP,4741.389,12,jw01914002001_07101_00001_nrs1,jw01914002001_01_msa.fits,66,1,1,27,aurora-gdn02-v3,1273,1,1.7003809,3.150057,2.531219,-0.7786949,-0.028871562,0.022238482,0.90889144,0.029462386,0.031652298,2.6322439,0.08777667,0.05143549,1546,411,503,25,0.0,291.11087,0.0,0.0009999999,0.40716758,1735666831.816,0.9.2.dev1+g8ebd90e,56896.668
18922,AURORA-GN-506478,,6.7274384,6,aurora-gdn02-v3_g235m-f170lp_1914_506478.spec.fits,506478,189.1352508417419,62.24466216102816,G235M,F170LP,4741.389,12,jw01914002001_07101_00001_nrs1,jw01914002001_01_msa.fits,66,1,1,43,aurora-gdn02-v3,1272,1,1.7003809,3.150057,2.8795047,-0.5231434,-0.021624763,0.031658713,1.2741989,0.051366195,0.03893594,3.0922642,0.13355632,0.058136623,871,128,1178,28,0.0,291.11087,0.0,0.001,0.69048446,1735666823.153,0.9.2.dev1+g8ebd90e,56896.668
18922,AURORA-GN-506478,,6.7274384,6,aurora-gdn02-v3_g395m-f290lp_1914_506478.spec.fits,506478,189.1352508417419,62.24466216102816,G395M,F290LP,2480.111,12,jw01914002002_03101_00001_nrs1,jw01914002002_01_msa.fits,1,1,1,43,aurora-gdn02-v3,1201,1,2.8794382,5.199619,3.8664951,-0.10952804,-0.008597249,0.043901138,1.4730681,0.091673926,0.061344024,3.2404284,0.2298908,0.115674235,952,114,1097,28,0.0,291.108,0.0,-0.001,0.69048446,1735666813.15,0.9.2.dev1+g8ebd90e,29761.332
18922,AURORA-GN-506478,,6.7274384,6,aurora-gdn02-v3_g140m-f100lp_1914_506478.spec.fits,506478,189.1352508417419,62.24466216102816,G140M,F100LP,7294.445,12,jw01914002001_03101_00001_nrs1,jw01914002001_01_msa.fits,1,1,1,43,aurora-gdn02-v3,1336,1,0.98,1.88,1.3652,-1.4418,-0.029224245,0.01600485,0.79536545,0.015896864,0.019754123,3.0265787,0.066714786,0.027411219,828,127,1221,29,0.0,291.1106,0.0,0.000999977,0.69048446,1735666818.885,0.9.2.dev1+g8ebd90e,87533.34
18948,2478-3,,6.10719,6,stark-rxcj2248-v3_g395m-f290lp_2478_3.spec.fits,3,342.19086450037196,-44.53748321613136,G395M,F290LP,510.611,3,jw02478051001_03105_00001_nrs1,jw02478051001_01_msa.fits,52,1,1,39,stark-rxcj2248-v3,1190,1,2.8794382,4.9064,3.5579333,-0.51923287,-0.18057244,0.21304874,0.7711721,0.24519211,0.30478108,2.580263,0.87487006,0.5895915,898,1186,1151,29,0.0,244.99614,0.0,-0.0009999969,0.3664423,1728476965.942,0.8.6.dev18+gc61ccae,1531.833
18948,2478-3,,6.10719,6,stark-rxcj2248-v3_g235m-f170lp_2478_3.spec.fits,3,342.19086450037196,-44.53748321613136,G235M,F170LP,510.611,6,jw02478051001_03103_00001_nrs1,jw02478051001_01_msa.fits,51,1,1,39,stark-rxcj2248-v3,1272,1,1.7003809,3.150057,2.7502856,0.011730641,0.003761413,0.22470887,1.3372588,0.4030752,0.29547262,2.8231099,0.80466616,0.41622075,813,1199,1236,30,0.0,244.99623,0.0,-0.001,0.3664423,1728476968.297,0.8.6.dev18+gc61ccae,3063.666
18948,2478-3,,6.10719,6,stark-rxcj2248-v3_g140m-f100lp_2478_3.spec.fits,3,342.19086450037196,-44.53748321613136,G140M,F100LP,2042.445,6,jw02478051001_03101_00002_nrs1,jw02478051001_01_msa.fits,1,1,1,39,stark-rxcj2248-v3,1337,1,0.98,1.88,1.103,1.7442893,0.19240676,0.061108492,4.045439,0.34697512,0.086655766,6.8390527,0.53869915,0.14160739,772,1198,1277,31,0.0,244.99615,0.0,-0.001,0.3664423,1728476963.828,0.8.6.dev18+gc61ccae,12254.67
27026,JADES-GS-167639,,5.5740385,10,jades-gds04-v3_g235m-f170lp_1286_167639.spec.fits,167639,53.0918793,-27.88069489999998,G235M,F170LP,948.278,9,jw01286004001_17101_00001_nrs2,jw01286004001_04_msa.fits,650,4,1,556,jades-gds04-v3,1333,1,1.8053714,3.150057,2.5362666,-0.8682344,-0.12053421,0.1101256,0.7404658,0.09886032,0.12571754,2.3846383,0.3248658,0.1943524,1,1404,1278,32,0.0,30.183681,0.0,0.0009999999,1.0390682,1735702720.162,0.9.2.dev1+g8ebd90e,8534.502
27026,JADES-GS-167639,,5.5740385,10,jades-gds04-v3_g395h-f290lp_1286_167639.spec.fits,167639,53.0918793,-27.88069489999998,G395H,F290LP,948.278,9,jw01286004001_03101_00001_nrs2,jw01286004001_01_msa.fits,1,1,1,41,jades-gds04-v3,2150,1,2.8801086,4.2431884,3.2816114,-1.2639557,-0.3535757,0.23534413,0.36023074,0.099893294,0.27186885,2.0943205,0.5851301,0.32105878,1,1410,2048,44,0.0,30.18371,0.0,0.0009999999,1.0390682,1735702714.714,0.9.2.dev1+g8ebd90e,8534.502
27026,JADES-GS-167639,,5.5740385,10,jades-gds04-v3_g140m-f070lp_1286_167639.spec.fits,167639,53.0918793,-27.88069489999998,G140M,F070LP,948.278,18,jw01286004001_15101_00001_nrs2,jw01286004001_04_msa.fits,516,4,1,556,jades-gds04-v3,794,1,0.7004,1.2602,1.1138,-1.0416987,-0.18762986,0.0837351,0.7549734,0.093790956,0.116385505,2.647697,0.33055663,0.36868766,1,1404,284,23,0.0,30.18348,0.0,0.0009999999,1.0390682,1735702701.624,0.9.2.dev1+g8ebd90e,17069.004
27026,JADES-GS-167639,,5.5740385,10,jades-gds04-v3_g395m-f290lp_1286_167639.spec.fits,167639,53.0918793,-27.88069489999998,G395M,F290LP,948.278,9,jw01286004001_05101_00001_nrs2,jw01286004001_01_msa.fits,130,1,1,41,jades-gds04-v3,1309,1,2.9697905,5.199619,3.281762,-1.0936782,-0.17293139,0.096519396,0.60571444,0.082408406,0.13720311,2.3051867,0.365576,0.30299044,1,1391,1292,31,0.0,30.183748,0.0,-0.001,1.0390682,1735702707.169,0.9.2.dev1+g8ebd90e,8534.502
29735,JADES-GS-205802,,4.3592734,10,jades-gds08-v3_g395m-f290lp_1286_205802.spec.fits,205802,53.184556699999995,-27.787040400000027,G395M,F290LP,948.278,9,jw01286008001_09101_00001_nrs2,jw01286008001_01_msa.fits,143,1,1,32,jades-gds08-v3,1301,1,2.9834285,5.199619,3.517019,0.16151397,0.012611168,0.045177188,1.9089609,0.12263015,0.061771583,3.725963,0.24787334,0.1457918,1,1761,1299,32,0.0,30.243666,0.0,0.001,0.3909503,1735735305.6,0.9.2.dev1+g8ebd90e,8534.502
29735,JADES-GS-205802,,4.3592734,10,jades-gds08-v3_g140m-f070lp_1286_205802.spec.fits,205802,53.184556699999995,-27.787040400000027,G140M,F070LP,948.278,18,jw01286008001_23101_00001_nrs2,jw01286008001_05_msa.fits,673,5,1,707,jades-gds08-v3,777,1,0.7004,1.2602,1.094,0.17725383,0.016093034,0.039470267,2.228461,0.12909494,0.058836427,4.001199,0.27596566,0.1835601,1,1774,294,24,0.0,30.24363,0.0,0.001,0.3909503,1735735298.311,0.9.2.dev1+g8ebd90e,17069.004
29735,JADES-GS-205802,,4.3592734,10,jades-gds08-v3_g395h-f290lp_1286_205802.spec.fits,205802,53.184556699999995,-27.787040400000027,G395H,F290LP,948.278,9,jw01286008001_17101_00001_nrs2,jw01286008001_03_msa.fits,477,3,1,370,jades-gds08-v3,2115,1,2.8801086,4.2209888,3.5169315,-0.62946516,-0.074321516,0.09981752,1.0061951,0.11602792,0.116040125,2.6407754,0.30963084,0.14466725,1,1786,2048,45,0.0,30.243729,0.0,0.001,0.3909503,1735735317.646,0.9.2.dev1+g8ebd90e,8534.502
29735,JADES-GS-205802,,4.3592734,10,jades-gds08-v3_g235m-f170lp_1286_205802.spec.fits,205802,53.184556699999995,-27.787040400000027,G235M,F170LP,948.278,9,jw01286008001_25101_00001_nrs2,jw01286008001_05_msa.fits,811,5,1,707,jades-gds08-v3,1323,1,1.8154666,3.150057,2.6836572,0.3176497,0.020501701,0.05057711,2.0292666,0.12652974,0.05828833,3.7285955,0.23430751,0.084897846,1,1774,1289,33,0.0,30.24359,0.0,0.001,0.3909503,1735735310.674,0.9.2.dev1+g8ebd90e,8534.502
